,Dataset,Final Loss,Training Time (min),Avg Sample Length
0,FineTome-100k,0.9721243782043457,22.550095454851785,2582.9206
1,Alpaca,1.174282527923584,9.641929558912913,1323.7908
